category,module_title,module_file,question_id,question_type,question,answers,answer_options
Body_temperture,Fever Symptom Module,Body_temperture/fever.md,FEV-2,Multiple choice,What best describes your fever?,[ ] Measured at home [ ] Felt hot but not measured [ ] Comes and goes [ ] Persistent [ ] Not sure,Measured at home; Felt hot but not measured; Comes and goes; Persistent; Not sure
Body_temperture,Fever Symptom Module,Body_temperture/fever.md,FEV-3,Multiple choice,Do you have any of these symptoms?,[ ] Cough [ ] Sore throat [ ] Runny nose [ ] Abdominal pain [ ] Painful urination [ ] Rash,Cough; Sore throat; Runny nose; Abdominal pain; Painful urination; Rash
Body_temperture,Fever Symptom Module,Body_temperture/fever.md,FEV-6,Multiple choice,Are any of these happening now?,[ ] Confusion [ ] Severe weakness [ ] Trouble breathing [ ] Stiff neck [ ] Purple rash [ ] None,Confusion; Severe weakness; Trouble breathing; Stiff neck; Purple rash; None
ENT,ENT Symptom Module,ENT/ent.md,ENT-1,Multiple choice,Which area is bothering you most?,[ ] Ear [ ] Nose [ ] Throat [ ] Sinus / face [ ] More than one area [ ] Not sure,Ear; Nose; Throat; Sinus / face; More than one area; Not sure
ENT,ENT Symptom Module,ENT/ent.md,ENT-2,Multiple choice,What symptom do you have?,[ ] Pain [ ] Congestion [ ] Sore throat [ ] Hearing change [ ] Discharge [ ] Bleeding,Pain; Congestion; Sore throat; Hearing change; Discharge; Bleeding
ENT,ENT Symptom Module,ENT/ent.md,ENT-6,Multiple choice,Are any of these happening now?,[ ] Trouble breathing [ ] Drooling / cannot swallow saliva [ ] Severe neck swelling [ ] Severe bleeding [ ] Sudden hearing loss [ ] None,Trouble breathing; Drooling / cannot swallow saliva; Severe neck swelling; Severe bleeding; Sudden hearing loss; None
Eye,Eye Symptom Module,Eye/eye.md,EYE-1,Multiple choice,Which eye is affected?,[ ] Left [ ] Right [ ] Both [ ] Not sure,Left; Right; Both; Not sure
Eye,Eye Symptom Module,Eye/eye.md,EYE-2,Multiple choice,What is the main eye problem?,[ ] Redness [ ] Pain [ ] Discharge [ ] Vision change [ ] Itching [ ] Swelling,Redness; Pain; Discharge; Vision change; Itching; Swelling
Eye,Eye Symptom Module,Eye/eye.md,EYE-3,Single choice,How did it start?,[ ] Suddenly [ ] Gradually [ ] After injury [ ] After chemical exposure [ ] After contact lens use [ ] Not sure,Suddenly; Gradually; After injury; After chemical exposure; After contact lens use; Not sure
Eye,Eye Symptom Module,Eye/eye.md,EYE-6,Multiple choice,Are any of these happening now?,[ ] Sudden vision loss [ ] Severe eye pain [ ] Chemical exposure [ ] Penetrating injury concern [ ] New unequal pupils [ ] None,Sudden vision loss; Severe eye pain; Chemical exposure; Penetrating injury concern; New unequal pupils; None
GI,Abdominal Swelling And Ascites Symptom Module,GI/abdominal_swelling_ascites.md,ASA-1,Multiple choice,What abdominal change do you notice?,[ ] Swelling / bloating [ ] Rapid increase in size [ ] Tight abdomen [ ] Weight gain with swelling [ ] Not sure,Swelling / bloating; Rapid increase in size; Tight abdomen; Weight gain with swelling; Not sure
GI,Abdominal Swelling And Ascites Symptom Module,GI/abdominal_swelling_ascites.md,ASA-2,Single choice,When did it start?,[ ] Today [ ] 1-3 days ago [ ] 4-7 days ago [ ] More than 1 week ago [ ] Long-term issue [ ] Not sure,Today; 1-3 days ago; 4-7 days ago; More than 1 week ago; Long-term issue; Not sure
GI,Abdominal Swelling And Ascites Symptom Module,GI/abdominal_swelling_ascites.md,ASA-3,Multiple choice,Do you have abdominal pain?,[ ] No pain [ ] Mild [ ] Moderate [ ] Severe [ ] Not sure,No pain; Mild; Moderate; Severe; Not sure
GI,Abdominal Swelling And Ascites Symptom Module,GI/abdominal_swelling_ascites.md,ASA-5,Multiple choice,Are any of these happening now?,[ ] Severe abdominal pain [ ] Fever with swollen abdomen [ ] Trouble breathing [ ] Vomiting blood / black stool [ ] Confusion [ ] None,Severe abdominal pain; Fever with swollen abdomen; Trouble breathing; Vomiting blood / black stool; Confusion; None
GI,Diarrhea And Constipation Symptom Module,GI/diarrhea_constipation.md,DC-1,Multiple choice,What bowel problem do you have?,[ ] Diarrhea [ ] Constipation [ ] Alternating diarrhea and constipation [ ] Blood in stool [ ] Not sure,Diarrhea; Constipation; Alternating diarrhea and constipation; Blood in stool; Not sure
GI,Diarrhea And Constipation Symptom Module,GI/diarrhea_constipation.md,DC-3,Multiple choice,What best describes the stool?,[ ] Watery [ ] Hard / pellet-like [ ] Black [ ] Bloody [ ] Mucus [ ] Not sure,Watery; Hard / pellet-like; Black; Bloody; Mucus; Not sure
GI,Diarrhea And Constipation Symptom Module,GI/diarrhea_constipation.md,DC-5,Multiple choice,Are any of these happening now?,[ ] Blood or black stool [ ] Severe abdominal pain [ ] Unable to pass stool or gas with swelling [ ] Fainting [ ] Unable to keep fluids [ ] None,Blood or black stool; Severe abdominal pain; Unable to pass stool or gas with swelling; Fainting; Unable to keep fluids; None
GI,Dysphagia Symptom Module,GI/dysphagia.md,DYS-1,Multiple choice,What swallowing problem do you have?,[ ] Trouble swallowing solids [ ] Trouble swallowing liquids [ ] Food feels stuck [ ] Pain with swallowing [ ] Coughing / choking while swallowing [ ] Not sure,Trouble swallowing solids; Trouble swallowing liquids; Food feels stuck; Pain with swallowing; Coughing / choking while swallowing; Not sure
GI,Dysphagia Symptom Module,GI/dysphagia.md,DYS-3,Multiple choice,Where does it feel stuck or painful?,[ ] Throat [ ] Chest [ ] Upper abdomen [ ] Not painful / not stuck [ ] Not sure,Throat; Chest; Upper abdomen; Not painful / not stuck; Not sure
GI,Dysphagia Symptom Module,GI/dysphagia.md,DYS-5,Multiple choice,Are any of these happening now?,[ ] Cannot swallow saliva [ ] Trouble breathing [ ] Choking episode [ ] New trouble speaking / weakness [ ] Severe chest pain [ ] None,Cannot swallow saliva; Trouble breathing; Choking episode; New trouble speaking / weakness; Severe chest pain; None
GI,Gastrointestinal Bleeding Symptom Module,GI/gastrointestinal_bleeding.md,GIB-1,Multiple choice,What bleeding did you notice?,[ ] Vomiting blood [ ] Coffee-ground vomit [ ] Black stool [ ] Red blood in stool [ ] Blood on toilet paper [ ] Not sure,Vomiting blood; Coffee-ground vomit; Black stool; Red blood in stool; Blood on toilet paper; Not sure
GI,Gastrointestinal Bleeding Symptom Module,GI/gastrointestinal_bleeding.md,GIB-2,Single choice,How much bleeding is there?,[ ] Small streaks [ ] Small amount [ ] Moderate amount [ ] Large amount / clots [ ] Not sure,Small streaks; Small amount; Moderate amount; Large amount / clots; Not sure
GI,Gastrointestinal Bleeding Symptom Module,GI/gastrointestinal_bleeding.md,GIB-3,Single choice,When did it start?,[ ] Just now [ ] Today [ ] 1-3 days ago [ ] More than 3 days ago [ ] Not sure,Just now; Today; 1-3 days ago; More than 3 days ago; Not sure
GI,Gastrointestinal Bleeding Symptom Module,GI/gastrointestinal_bleeding.md,GIB-5,Multiple choice,Are any of these happening now?,[ ] Large bleeding [ ] Fainting [ ] Severe weakness [ ] Severe abdominal pain [ ] Taking blood thinner medicine [ ] None,Large bleeding; Fainting; Severe weakness; Severe abdominal pain; Taking blood thinner medicine; None
GI,Jaundice Symptom Module,GI/jaundice.md,JAU-1,Multiple choice,What did you notice?,[ ] Yellow eyes [ ] Yellow skin [ ] Dark urine [ ] Pale stool [ ] Itchy skin [ ] Not sure,Yellow eyes; Yellow skin; Dark urine; Pale stool; Itchy skin; Not sure
GI,Jaundice Symptom Module,GI/jaundice.md,JAU-2,Single choice,When did it start?,[ ] Today [ ] 1-3 days ago [ ] 4-7 days ago [ ] More than 1 week ago [ ] Not sure,Today; 1-3 days ago; 4-7 days ago; More than 1 week ago; Not sure
GI,Jaundice Symptom Module,GI/jaundice.md,JAU-3,Multiple choice,Do you have any of these symptoms?,[ ] Fever [ ] Right upper abdominal pain [ ] Nausea / vomiting [ ] Weight loss [ ] Fatigue [ ] None,Fever; Right upper abdominal pain; Nausea / vomiting; Weight loss; Fatigue; None
GI,Jaundice Symptom Module,GI/jaundice.md,JAU-5,Multiple choice,Are any of these happening now?,[ ] Fever with abdominal pain [ ] Confusion [ ] Severe weakness [ ] Vomiting blood / black stool [ ] Severe abdominal pain [ ] None,Fever with abdominal pain; Confusion; Severe weakness; Vomiting blood / black stool; Severe abdominal pain; None
GI,Nausea And Vomiting Symptom Module,GI/nausea_vomiting.md,NV-1,Multiple choice,What is the main problem?,[ ] Nausea only [ ] Vomiting [ ] Both nausea and vomiting [ ] Unable to keep fluids [ ] Not sure,Nausea only; Vomiting; Both nausea and vomiting; Unable to keep fluids; Not sure
GI,Nausea And Vomiting Symptom Module,GI/nausea_vomiting.md,NV-2,Single choice,How many times have you vomited today?,[ ] 0 [ ] 1-2 [ ] 3-5 [ ] More than 5 [ ] Not sure,0; 1-2; 3-5; More than 5; Not sure
GI,Nausea And Vomiting Symptom Module,GI/nausea_vomiting.md,NV-3,Multiple choice,What did the vomit look like?,[ ] Food / liquid [ ] Yellow / green [ ] Blood or coffee-ground color [ ] Not sure [ ] No vomiting,Food / liquid; Yellow / green; Blood or coffee-ground color; Not sure; No vomiting
GI,Nausea And Vomiting Symptom Module,GI/nausea_vomiting.md,NV-6,Multiple choice,Are any of these happening now?,[ ] Vomiting blood [ ] Severe abdominal pain [ ] Severe headache [ ] Fainting or nearly fainting [ ] Unable to keep fluids [ ] None,Vomiting blood; Severe abdominal pain; Severe headache; Fainting or nearly fainting; Unable to keep fluids; None
GI,Unintentional Weight Loss Symptom Module,GI/unintentional_weight_loss.md,UWL-1,Single choice,How much weight have you lost without trying?,[ ] Less than 2 kg [ ] 2-5 kg [ ] More than 5 kg [ ] Clothes much looser [ ] Not sure,Less than 2 kg; 2-5 kg; More than 5 kg; Clothes much looser; Not sure
GI,Unintentional Weight Loss Symptom Module,GI/unintentional_weight_loss.md,UWL-2,Single choice,Over what time period?,[ ] Days [ ] Weeks [ ] 1-3 months [ ] More than 3 months [ ] Not sure,Days; Weeks; 1-3 months; More than 3 months; Not sure
GI,Unintentional Weight Loss Symptom Module,GI/unintentional_weight_loss.md,UWL-3,Multiple choice,How is your appetite?,[ ] Normal [ ] Reduced [ ] Cannot eat much [ ] Nausea / vomiting limits eating [ ] Increased appetite [ ] Not sure,Normal; Reduced; Cannot eat much; Nausea / vomiting limits eating; Increased appetite; Not sure
GI,Unintentional Weight Loss Symptom Module,GI/unintentional_weight_loss.md,UWL-5,Multiple choice,Are any of these happening now?,[ ] Severe weakness [ ] Unable to eat or drink [ ] Blood in stool / vomit [ ] Trouble swallowing [ ] Very abnormal kiosk vital sign [ ] None,Severe weakness; Unable to eat or drink; Blood in stool / vomit; Trouble swallowing; Very abnormal kiosk vital sign; None
Heart,Bradycardia Symptom Module,Heart/bradycardia.md,BRADY-1,Multiple choice,How do you feel right now?,[ ] Normal now [ ] Dizzy or lightheaded [ ] Fainting or nearly fainting [ ] Chest discomfort [ ] Shortness of breath [ ] Not sure,Normal now; Dizzy or lightheaded; Fainting or nearly fainting; Chest discomfort; Shortness of breath; Not sure
Heart,Bradycardia Symptom Module,Heart/bradycardia.md,BRADY-2,Single choice,When did the slow heart-rate concern or symptoms start?,[ ] Just now [ ] Today [ ] 1-3 days ago [ ] Longer than 3 days [ ] Not sure,Just now; Today; 1-3 days ago; Longer than 3 days; Not sure
Heart,Bradycardia Symptom Module,Heart/bradycardia.md,BRADY-6,Multiple choice,Are any of these happening now?,[ ] Fainting or nearly fainting [ ] Severe chest pain [ ] Trouble breathing [ ] New confusion or severe weakness [ ] Heart rate very low on kiosk [ ] None,Fainting or nearly fainting; Severe chest pain; Trouble breathing; New confusion or severe weakness; Heart rate very low on kiosk; None
Heart,Edema Symptom Module,Heart/edema.md,EDE-1,Multiple choice,Where is the swelling?,[ ] One leg / foot [ ] Both legs / feet [ ] Hands [ ] Face / eyelids [ ] Abdomen [ ] Whole body,One leg / foot; Both legs / feet; Hands; Face / eyelids; Abdomen; Whole body
Heart,Edema Symptom Module,Heart/edema.md,EDE-2,Single choice,When did swelling start?,[ ] Today [ ] 1-3 days ago [ ] 4-7 days ago [ ] More than 1 week ago [ ] Long-term issue [ ] Not sure,Today; 1-3 days ago; 4-7 days ago; More than 1 week ago; Long-term issue; Not sure
Heart,Edema Symptom Module,Heart/edema.md,EDE-3,Multiple choice,What is the swelling like?,[ ] Worse at night [ ] Better after raising legs [ ] Painful [ ] Red / warm [ ] Sudden one-sided swelling [ ] Not sure,Worse at night; Better after raising legs; Painful; Red / warm; Sudden one-sided swelling; Not sure
Heart,Edema Symptom Module,Heart/edema.md,EDE-5,Multiple choice,Are any of these happening now?,[ ] Shortness of breath at rest [ ] Chest pain [ ] Sudden one-sided leg swelling [ ] Face / tongue swelling [ ] Very abnormal kiosk vital sign [ ] None,Shortness of breath at rest; Chest pain; Sudden one-sided leg swelling; Face / tongue swelling; Very abnormal kiosk vital sign; None
Heart,Hypertension Symptom Module,Heart/hypertension.md,HTN-1,Multiple choice,Are any of these happening now?,"[ ] No symptoms now [ ] Severe headache [ ] Blurred vision or vision change [ ] Chest pain or pressure [ ] Shortness of breath [ ] Weakness, numbness, confusion, or trouble speaking [ ] Not sure","No symptoms now; Severe headache; Blurred vision or vision change; Chest pain or pressure; Shortness of breath; Weakness, numbness, confusion, or trouble speaking; Not sure"
Heart,Hypertension Symptom Module,Heart/hypertension.md,HTN-2,Single choice,When did these symptoms or the blood-pressure concern start?,[ ] Just now [ ] Today [ ] 1-3 days ago [ ] Longer than 3 days [ ] Not sure,Just now; Today; 1-3 days ago; Longer than 3 days; Not sure
Heart,Hypertension Symptom Module,Heart/hypertension.md,HTN-6,Multiple choice,Are any of these present now?,"[ ] Chest pain or pressure [ ] Shortness of breath [ ] Severe headache or vision change [ ] New weakness, numbness, confusion, or trouble speaking [ ] SBP very high on kiosk [ ] None","Chest pain or pressure; Shortness of breath; Severe headache or vision change; New weakness, numbness, confusion, or trouble speaking; SBP very high on kiosk; None"
Heart,Palpitation Symptom Module,Heart/palpitation.md,PAL-1,Multiple choice,What does your heartbeat feel like?,[ ] Racing [ ] Irregular / skipping beats [ ] Pounding [ ] Fluttering [ ] Slow heartbeat [ ] Not sure,Racing; Irregular / skipping beats; Pounding; Fluttering; Slow heartbeat; Not sure
Heart,Palpitation Symptom Module,Heart/palpitation.md,PAL-2,Single choice,How did it start?,[ ] Suddenly [ ] Gradually [ ] During activity [ ] At rest [ ] After caffeine / stimulant [ ] Not sure,Suddenly; Gradually; During activity; At rest; After caffeine / stimulant; Not sure
Heart,Palpitation Symptom Module,Heart/palpitation.md,PAL-6,Multiple choice,Are any of these happening now?,[ ] Fainting or nearly fainting [ ] Severe chest pain [ ] Trouble breathing [ ] Heart rate very high on kiosk [ ] New confusion / severe weakness [ ] None,Fainting or nearly fainting; Severe chest pain; Trouble breathing; Heart rate very high on kiosk; New confusion / severe weakness; None
Heart,Tachycardia Symptom Module,Heart/tachycardia.md,tachy-chief-concern,Single choice,What is the main reason you are using the kiosk today?,[ ] Heart racing / palpitations [ ] Chest tightness / pressure [ ] Shortness of breath or dizziness [ ] Other / not sure,Heart racing / palpitations; Chest tightness / pressure; Shortness of breath or dizziness; Other / not sure
Heart,Tachycardia Symptom Module,Heart/tachycardia.md,tachy-onset,Single choice,When did this start?,[ ] Within the last hour [ ] A few hours ago [ ] About half a day [ ] More than one day / not sure,Within the last hour; A few hours ago; About half a day; More than one day / not sure
Heart,Tachycardia Symptom Module,Heart/tachycardia.md,tachy-current-feeling,Multiple choice,Which descriptions fit what you feel now?,"[ ] Heart racing or pounding [ ] Chest tightness or heaviness [ ] Chest pressure or pain [ ] Burning, sharp discomfort, or not sure","Heart racing or pounding; Chest tightness or heaviness; Chest pressure or pain; Burning, sharp discomfort, or not sure"
Heart,Tachycardia Symptom Module,Heart/tachycardia.md,tachy-associated-symptoms,Multiple choice,Are any of these happening with it?,"[ ] Shortness of breath [ ] Sweating, nausea, or unusual fatigue [ ] Dizziness, lightheadedness, or fainting [ ] None of these","Shortness of breath; Sweating, nausea, or unusual fatigue; Dizziness, lightheadedness, or fainting; None of these"
Heart,Tachycardia Symptom Module,Heart/tachycardia.md,tachy-post-vital-heart-rate-cue,Single choice,The kiosk received a high heart-rate reading for this demo. How do you feel right now?,[ ] My heart still feels fast [ ] My chest still feels heavy / tight [ ] Both [ ] Neither now / not sure,My heart still feels fast; My chest still feels heavy / tight; Both; Neither now / not sure
Heart,Tachycardia Symptom Module,Heart/tachycardia.md,tachy-heart-history-meds,Multiple choice,"Have you been told you have a heart rhythm problem, or do you take heart / blood-pressure medicine?","[ ] Known rhythm problem [ ] Heart or blood-pressure medicine [ ] No known history / medicine [ ] Not sure, staff should confirm","Known rhythm problem; Heart or blood-pressure medicine; No known history / medicine; Not sure, staff should confirm"
Heart,Tachycardia Symptom Module,Heart/tachycardia.md,tachy-medication-allergy-confirm,Multiple choice,Do you have medication allergies or medicines staff should confirm?,[ ] Medication allergy [ ] Regular medicines [ ] No known medication allergy [ ] Not sure,Medication allergy; Regular medicines; No known medication allergy; Not sure
Hema,Bleeding And Thrombosis Symptom Module,Hema/bleeding_thrombosis.md,BTH-1,Multiple choice,What is the main concern?,[ ] Bleeding [ ] Easy bruising [ ] Blood clot concern [ ] Leg swelling / pain [ ] Taking blood thinner medicine [ ] Not sure,Bleeding; Easy bruising; Blood clot concern; Leg swelling / pain; Taking blood thinner medicine; Not sure
Hema,Bleeding And Thrombosis Symptom Module,Hema/bleeding_thrombosis.md,BTH-2,Multiple choice,Where is bleeding happening?,[ ] Nose / mouth [ ] Vomit [ ] Stool [ ] Urine [ ] Skin wound [ ] No active bleeding,Nose / mouth; Vomit; Stool; Urine; Skin wound; No active bleeding
Hema,Bleeding And Thrombosis Symptom Module,Hema/bleeding_thrombosis.md,BTH-3,Multiple choice,Do you have any of these symptoms?,[ ] One-sided leg swelling [ ] Calf pain [ ] Chest pain [ ] Shortness of breath [ ] Coughing blood [ ] None,One-sided leg swelling; Calf pain; Chest pain; Shortness of breath; Coughing blood; None
Hema,Bleeding And Thrombosis Symptom Module,Hema/bleeding_thrombosis.md,BTH-5,Multiple choice,Are any of these happening now?,[ ] Large active bleeding [ ] Fainting [ ] Shortness of breath with chest pain [ ] Coughing blood [ ] Sudden one-sided leg swelling [ ] None,Large active bleeding; Fainting; Shortness of breath with chest pain; Coughing blood; Sudden one-sided leg swelling; None
Hema,Bruise Symptom Module,Hema/bruise.md,BRU-1,Multiple choice,What bruising do you notice?,[ ] One bruise after injury [ ] Many bruises [ ] Bruises without known injury [ ] Tiny red / purple spots [ ] Not sure,One bruise after injury; Many bruises; Bruises without known injury; Tiny red / purple spots; Not sure
Hema,Bruise Symptom Module,Hema/bruise.md,BRU-2,Multiple choice,Where are the bruises?,[ ] Arms / hands [ ] Legs / feet [ ] Trunk [ ] Face / head [ ] Multiple areas [ ] Not sure,Arms / hands; Legs / feet; Trunk; Face / head; Multiple areas; Not sure
Hema,Bruise Symptom Module,Hema/bruise.md,BRU-3,Single choice,When did it start?,[ ] Today [ ] 1-3 days ago [ ] 4-7 days ago [ ] More than 1 week ago [ ] Not sure,Today; 1-3 days ago; 4-7 days ago; More than 1 week ago; Not sure
Hema,Bruise Symptom Module,Hema/bruise.md,BRU-5,Multiple choice,Are any of these happening now?,[ ] Head injury with bruise [ ] Large expanding bruise [ ] Active bleeding [ ] Very painful swollen area [ ] Taking blood thinner medicine [ ] None,Head injury with bruise; Large expanding bruise; Active bleeding; Very painful swollen area; Taking blood thinner medicine; None
Hema,Lymph Node And Spleen Enlargement Symptom Module,Hema/lymph_nodes_spleen_enlargement.md,LNS-1,Multiple choice,Where is the swelling or lump?,[ ] Neck [ ] Armpit [ ] Groin [ ] Left upper abdomen fullness [ ] Multiple areas [ ] Not sure,Neck; Armpit; Groin; Left upper abdomen fullness; Multiple areas; Not sure
Hema,Lymph Node And Spleen Enlargement Symptom Module,Hema/lymph_nodes_spleen_enlargement.md,LNS-3,Multiple choice,What is it like?,[ ] Painful / tender [ ] Painless [ ] Red / warm skin [ ] Growing larger [ ] Comes and goes [ ] Not sure,Painful / tender; Painless; Red / warm skin; Growing larger; Comes and goes; Not sure
Hema,Lymph Node And Spleen Enlargement Symptom Module,Hema/lymph_nodes_spleen_enlargement.md,LNS-5,Multiple choice,Are any of these happening now?,[ ] Trouble breathing / swallowing [ ] Rapidly enlarging neck swelling [ ] Severe abdominal pain [ ] Fever with severe weakness [ ] Very abnormal kiosk vital sign [ ] None,Trouble breathing / swallowing; Rapidly enlarging neck swelling; Severe abdominal pain; Fever with severe weakness; Very abnormal kiosk vital sign; None
Neuro,Aphasia Memory Loss Neglect And Cerebral Disorder Symptom Module,Neuro/cerebral_disorders.md,CER-1,Multiple choice,What problem are you noticing?,[ ] Trouble speaking [ ] Trouble understanding speech [ ] Memory loss [ ] Ignoring one side [ ] Personality / behavior change [ ] Not sure,Trouble speaking; Trouble understanding speech; Memory loss; Ignoring one side; Personality / behavior change; Not sure
Neuro,Aphasia Memory Loss Neglect And Cerebral Disorder Symptom Module,Neuro/cerebral_disorders.md,CER-2,Single choice,How did it start?,[ ] Suddenly [ ] Gradually [ ] After head injury [ ] After seizure-like event [ ] Comes and goes [ ] Not sure,Suddenly; Gradually; After head injury; After seizure-like event; Comes and goes; Not sure
Neuro,Aphasia Memory Loss Neglect And Cerebral Disorder Symptom Module,Neuro/cerebral_disorders.md,CER-3,Multiple choice,What is affected right now?,[ ] Naming objects [ ] Following instructions [ ] Remembering recent events [ ] Reading / writing [ ] Attention / judgment [ ] Not sure,Naming objects; Following instructions; Remembering recent events; Reading / writing; Attention / judgment; Not sure
Neuro,Aphasia Memory Loss Neglect And Cerebral Disorder Symptom Module,Neuro/cerebral_disorders.md,CER-5,Multiple choice,Are any of these happening now?,[ ] New trouble speaking [ ] New one-sided weakness / numbness [ ] New vision loss [ ] Sudden confusion [ ] Recent head injury [ ] None,New trouble speaking; New one-sided weakness / numbness; New vision loss; Sudden confusion; Recent head injury; None
Neuro,Confusion And Delirium Symptom Module,Neuro/confusion_delirium.md,CFD-1,Multiple choice,What change is happening?,[ ] Confused [ ] Very sleepy [ ] Agitated [ ] Seeing / hearing things [ ] Not acting normal [ ] Not sure,Confused; Very sleepy; Agitated; Seeing / hearing things; Not acting normal; Not sure
Neuro,Confusion And Delirium Symptom Module,Neuro/confusion_delirium.md,CFD-2,Single choice,When did the change start?,[ ] Suddenly today [ ] 1-2 days ago [ ] 3-7 days ago [ ] More than 1 week ago [ ] Not sure,Suddenly today; 1-2 days ago; 3-7 days ago; More than 1 week ago; Not sure
Neuro,Confusion And Delirium Symptom Module,Neuro/confusion_delirium.md,CFD-3,Multiple choice,Is this different from usual?,[ ] Clearly different [ ] Slightly different [ ] Same as usual [ ] Not sure,Clearly different; Slightly different; Same as usual; Not sure
Neuro,Confusion And Delirium Symptom Module,Neuro/confusion_delirium.md,CFD-5,Multiple choice,Are any of these happening now?,[ ] Sudden confusion [ ] Cannot stay awake [ ] Seizure [ ] New weakness / trouble speaking [ ] Very abnormal kiosk vital sign [ ] None,Sudden confusion; Cannot stay awake; Seizure; New weakness / trouble speaking; Very abnormal kiosk vital sign; None
Neuro,Dementia Concern Symptom Module,Neuro/dementia.md,DEM-1,Multiple choice,What is the main concern?,[ ] Memory problem [ ] Getting lost [ ] Trouble managing medicine [ ] Behavior change [ ] Safety concern at home [ ] Not sure,Memory problem; Getting lost; Trouble managing medicine; Behavior change; Safety concern at home; Not sure
Neuro,Dementia Concern Symptom Module,Neuro/dementia.md,DEM-2,Single choice,How long has this been noticed?,[ ] Days [ ] Weeks [ ] Months [ ] Years [ ] Not sure,Days; Weeks; Months; Years; Not sure
Neuro,Dementia Concern Symptom Module,Neuro/dementia.md,DEM-3,Multiple choice,What activities are affected?,[ ] Finances / appointments [ ] Cooking / shopping [ ] Personal care [ ] Medication use [ ] Driving / navigation [ ] None,Finances / appointments; Cooking / shopping; Personal care; Medication use; Driving / navigation; None
Neuro,Dementia Concern Symptom Module,Neuro/dementia.md,DEM-5,Multiple choice,Are any of these happening now?,[ ] Sudden confusion [ ] Fall / head injury [ ] Fever [ ] Unsafe to go home alone [ ] New weakness / trouble speaking [ ] None,Sudden confusion; Fall / head injury; Fever; Unsafe to go home alone; New weakness / trouble speaking; None
Neuro,Dizziness Symptom Module,Neuro/dizziness.md,DIZ-1,Multiple choice,What kind of dizziness do you feel?,[ ] Room spinning [ ] Feeling faint [ ] Unsteady walking [ ] Lightheaded [ ] Blurry vision [ ] Not sure,Room spinning; Feeling faint; Unsteady walking; Lightheaded; Blurry vision; Not sure
Neuro,Dizziness Symptom Module,Neuro/dizziness.md,DIZ-2,Single choice,How did it start?,[ ] Suddenly [ ] Gradually [ ] After standing up [ ] After head movement [ ] After injury [ ] Not sure,Suddenly; Gradually; After standing up; After head movement; After injury; Not sure
Neuro,Dizziness Symptom Module,Neuro/dizziness.md,DIZ-6,Multiple choice,Are any of these happening now?,[ ] Fainting [ ] Weakness or numbness [ ] Trouble speaking [ ] Severe headache [ ] Chest pain [ ] None,Fainting; Weakness or numbness; Trouble speaking; Severe headache; Chest pain; None
Neuro,Gait Imbalance And Falls Symptom Module,Neuro/gait_imbalance_falls.md,GIF-1,Multiple choice,What is the main problem?,[ ] Unsteady walking [ ] Recent fall [ ] Fear of falling [ ] Leg weakness [ ] Dizziness while walking [ ] Not sure,Unsteady walking; Recent fall; Fear of falling; Leg weakness; Dizziness while walking; Not sure
Neuro,Gait Imbalance And Falls Symptom Module,Neuro/gait_imbalance_falls.md,GIF-2,Single choice,When did this start?,[ ] Today [ ] 1-3 days ago [ ] 4-7 days ago [ ] More than 1 week ago [ ] Long-term issue [ ] Not sure,Today; 1-3 days ago; 4-7 days ago; More than 1 week ago; Long-term issue; Not sure
Neuro,Gait Imbalance And Falls Symptom Module,Neuro/gait_imbalance_falls.md,GIF-3,Multiple choice,"If you fell, what happened?",[ ] Tripped [ ] Slipped [ ] Felt dizzy [ ] Fainted / blacked out [ ] Hit head [ ] No fall,Tripped; Slipped; Felt dizzy; Fainted / blacked out; Hit head; No fall
Neuro,Gait Imbalance And Falls Symptom Module,Neuro/gait_imbalance_falls.md,GIF-5,Multiple choice,Are any of these happening now?,[ ] Head injury from fall [ ] Cannot walk safely [ ] New one-sided weakness [ ] Fainting [ ] Severe pain after fall [ ] None,Head injury from fall; Cannot walk safely; New one-sided weakness; Fainting; Severe pain after fall; None
Neuro,Neurologic Weakness And Paralysis Symptom Module,Neuro/neurologic_weakness_paralysis.md,NWP-1,Multiple choice,Where do you feel weakness?,[ ] Face [ ] One arm [ ] One leg [ ] One side of body [ ] Both legs [ ] Whole body,Face; One arm; One leg; One side of body; Both legs; Whole body
Neuro,Neurologic Weakness And Paralysis Symptom Module,Neuro/neurologic_weakness_paralysis.md,NWP-2,Single choice,How did the weakness start?,[ ] Suddenly [ ] Gradually [ ] After injury [ ] After illness / fever [ ] Comes and goes [ ] Not sure,Suddenly; Gradually; After injury; After illness / fever; Comes and goes; Not sure
Neuro,Neurologic Weakness And Paralysis Symptom Module,Neuro/neurologic_weakness_paralysis.md,NWP-3,Multiple choice,What can you do right now?,[ ] Walk normally [ ] Walk with help [ ] Cannot walk [ ] Cannot lift arm / leg normally [ ] Trouble holding objects [ ] Not sure,Walk normally; Walk with help; Cannot walk; Cannot lift arm / leg normally; Trouble holding objects; Not sure
Neuro,Neurologic Weakness And Paralysis Symptom Module,Neuro/neurologic_weakness_paralysis.md,NWP-5,Multiple choice,Are any of these happening now?,[ ] Sudden one-sided weakness [ ] Trouble speaking [ ] New confusion [ ] New severe headache [ ] Recent head / spine injury [ ] None,Sudden one-sided weakness; Trouble speaking; New confusion; New severe headache; Recent head / spine injury; None
Neuro,Numbness Tingling And Sensory Loss Symptom Module,Neuro/numbness_tingling_sensory_loss.md,NTS-1,Multiple choice,Where do you feel numbness or tingling?,[ ] Face [ ] One arm / hand [ ] One leg / foot [ ] Both hands [ ] Both feet [ ] One side of body,Face; One arm / hand; One leg / foot; Both hands; Both feet; One side of body
Neuro,Numbness Tingling And Sensory Loss Symptom Module,Neuro/numbness_tingling_sensory_loss.md,NTS-2,Multiple choice,What does it feel like?,[ ] Numb [ ] Pins and needles [ ] Burning [ ] Electric shock-like [ ] Reduced feeling [ ] Not sure,Numb; Pins and needles; Burning; Electric shock-like; Reduced feeling; Not sure
Neuro,Numbness Tingling And Sensory Loss Symptom Module,Neuro/numbness_tingling_sensory_loss.md,NTS-3,Single choice,How did it start?,[ ] Suddenly [ ] Gradually [ ] After injury [ ] After sitting / position change [ ] Comes and goes [ ] Not sure,Suddenly; Gradually; After injury; After sitting / position change; Comes and goes; Not sure
Neuro,Numbness Tingling And Sensory Loss Symptom Module,Neuro/numbness_tingling_sensory_loss.md,NTS-5,Multiple choice,Are any of these happening now?,[ ] Sudden one-sided numbness [ ] New weakness [ ] Trouble speaking [ ] Loss of bladder / bowel control [ ] Recent major injury [ ] None,Sudden one-sided numbness; New weakness; Trouble speaking; Loss of bladder / bowel control; Recent major injury; None
Neuro,Sleep Disorders Symptom Module,Neuro/sleep_disorders.md,SLP-1,Multiple choice,What sleep problem do you have?,[ ] Cannot fall asleep [ ] Wake up often [ ] Waking too early [ ] Too sleepy in daytime [ ] Snoring / breathing pauses [ ] Not sure,Cannot fall asleep; Wake up often; Waking too early; Too sleepy in daytime; Snoring / breathing pauses; Not sure
Neuro,Sleep Disorders Symptom Module,Neuro/sleep_disorders.md,SLP-3,Multiple choice,What happens at night?,[ ] Loud snoring [ ] Choking / gasping [ ] Restless legs [ ] Nightmares [ ] Pain wakes me up [ ] None,Loud snoring; Choking / gasping; Restless legs; Nightmares; Pain wakes me up; None
Neuro,Sleep Disorders Symptom Module,Neuro/sleep_disorders.md,SLP-5,Multiple choice,Are any of these happening now?,[ ] Severe daytime sleepiness with safety risk [ ] Confusion [ ] Shortness of breath at night [ ] Chest pain at night [ ] New severe mood / self-harm concern [ ] None,Severe daytime sleepiness with safety risk; Confusion; Shortness of breath at night; Chest pain at night; New severe mood / self-harm concern; None
Neuro,Syncope Symptom Module,Neuro/syncope.md,SYN-1,Multiple choice,What happened?,[ ] Fainted / passed out [ ] Nearly fainted [ ] Fell without passing out [ ] Felt suddenly weak [ ] Not sure,Fainted / passed out; Nearly fainted; Fell without passing out; Felt suddenly weak; Not sure
Neuro,Syncope Symptom Module,Neuro/syncope.md,SYN-2,Single choice,When did it happen?,[ ] Just now [ ] Within 1 hour [ ] Today [ ] Yesterday [ ] More than 1 day ago [ ] Not sure,Just now; Within 1 hour; Today; Yesterday; More than 1 day ago; Not sure
Neuro,Syncope Symptom Module,Neuro/syncope.md,SYN-3,Multiple choice,What did you feel before it happened?,[ ] Dizziness [ ] Chest pain [ ] Palpitation [ ] Shortness of breath [ ] Nausea / sweating [ ] No warning,Dizziness; Chest pain; Palpitation; Shortness of breath; Nausea / sweating; No warning
Neuro,Syncope Symptom Module,Neuro/syncope.md,SYN-6,Multiple choice,Are any of these happening now?,[ ] Current chest pain [ ] Trouble breathing [ ] Repeated fainting [ ] New weakness / numbness [ ] Significant injury from fall [ ] None,Current chest pain; Trouble breathing; Repeated fainting; New weakness / numbness; Significant injury from fall; None
Neuro,Weakness And Fatigue Symptom Module,Neuro/weakness_fatigue.md,WKN-1,Multiple choice,What do you feel most?,[ ] General tiredness [ ] General weakness [ ] One-sided weakness [ ] Low energy [ ] Sleepiness [ ] Not sure,General tiredness; General weakness; One-sided weakness; Low energy; Sleepiness; Not sure
Neuro,Weakness And Fatigue Symptom Module,Neuro/weakness_fatigue.md,WKN-2,Single choice,How did it start?,[ ] Suddenly [ ] Gradually [ ] After illness / fever [ ] After poor sleep [ ] After exercise [ ] Not sure,Suddenly; Gradually; After illness / fever; After poor sleep; After exercise; Not sure
Neuro,Weakness And Fatigue Symptom Module,Neuro/weakness_fatigue.md,WKN-6,Multiple choice,Are any of these happening now?,[ ] New one-sided weakness [ ] Trouble speaking [ ] Confusion [ ] Fainting [ ] Very abnormal kiosk vital sign [ ] None,New one-sided weakness; Trouble speaking; Confusion; Fainting; Very abnormal kiosk vital sign; None
Pain,Headache Symptom Module,Pain/Headache.md,HD-1,Multiple choice,Where is the headache located?,[ ] Forehead [ ] One side [ ] Both sides [ ] Back of head [ ] Behind the eyes [ ] Whole head,Forehead; One side; Both sides; Back of head; Behind the eyes; Whole head
Pain,Headache Symptom Module,Pain/Headache.md,HD-2,Single choice,How did this headache begin?,[ ] Suddenly [ ] Gradually [ ] After injury [ ] After fever / illness [ ] After exercise [ ] Not sure,Suddenly; Gradually; After injury; After fever / illness; After exercise; Not sure
Pain,Headache Symptom Module,Pain/Headache.md,HD-3,Single choice,How strong is the headache now?,[ ] 0-2 mild [ ] 3-5 moderate [ ] 6-8 severe [ ] 9-10 worst headache,0-2 mild; 3-5 moderate; 6-8 severe; 9-10 worst headache
Pain,Headache Symptom Module,Pain/Headache.md,HD-6,Multiple choice,Are any of these happening now?,[ ] Weakness or numbness [ ] Trouble speaking [ ] Confusion [ ] Seizure [ ] Sudden severe onset [ ] None,Weakness or numbness; Trouble speaking; Confusion; Seizure; Sudden severe onset; None
Pain,Abdominal Pain Symptom Module,Pain/abdominal_pain.md,ABD-1,Multiple choice,Which part of your abdomen hurts the most?,[ ] Right upper [ ] Right lower [ ] Left upper [ ] Left lower [ ] Middle / around belly button [ ] All over,Right upper; Right lower; Left upper; Left lower; Middle / around belly button; All over
Pain,Abdominal Pain Symptom Module,Pain/abdominal_pain.md,ABD-2,Single choice,How did the pain start?,[ ] Suddenly [ ] Gradually [ ] After eating [ ] After injury [ ] Comes and goes [ ] Not sure,Suddenly; Gradually; After eating; After injury; Comes and goes; Not sure
Pain,Abdominal Pain Symptom Module,Pain/abdominal_pain.md,ABD-3,Single choice,How strong is the pain now?,[ ] 0-2 mild [ ] 3-5 moderate [ ] 6-8 severe [ ] 9-10 worst pain,0-2 mild; 3-5 moderate; 6-8 severe; 9-10 worst pain
Pain,Abdominal Pain Symptom Module,Pain/abdominal_pain.md,ABD-6,Multiple choice,Are any of these happening now?,[ ] Fainting or nearly fainting [ ] Vomiting blood [ ] Black or bloody stool [ ] Severe constant pain [ ] Pregnancy possible [ ] None,Fainting or nearly fainting; Vomiting blood; Black or bloody stool; Severe constant pain; Pregnancy possible; None
Pain,Back Pain Symptom Module,Pain/back_pain.md,BACK-1,Multiple choice,Where is the back pain?,[ ] Neck / upper back [ ] Middle back [ ] Lower back [ ] One side [ ] Both sides [ ] Not sure,Neck / upper back; Middle back; Lower back; One side; Both sides; Not sure
Pain,Back Pain Symptom Module,Pain/back_pain.md,BACK-2,Multiple choice,Does the pain travel anywhere?,[ ] Down one leg [ ] Down both legs [ ] To abdomen [ ] To chest [ ] Nowhere [ ] Not sure,Down one leg; Down both legs; To abdomen; To chest; Nowhere; Not sure
Pain,Back Pain Symptom Module,Pain/back_pain.md,BACK-3,Single choice,How did the pain start?,[ ] Suddenly [ ] Gradually [ ] After lifting [ ] After injury / fall [ ] No clear trigger [ ] Not sure,Suddenly; Gradually; After lifting; After injury / fall; No clear trigger; Not sure
Pain,Back Pain Symptom Module,Pain/back_pain.md,BACK-6,Multiple choice,Are any of these happening now?,[ ] New bowel / bladder control problem [ ] Numbness in groin area [ ] Unable to walk [ ] Major trauma [ ] Fever with severe back pain [ ] None,New bowel / bladder control problem; Numbness in groin area; Unable to walk; Major trauma; Fever with severe back pain; None
Pain,Chest Pain Symptom Module,Pain/chest_pain.md,CP-1,Multiple choice,Where do you feel the chest pain or tightness?,[ ] Left chest [ ] Middle chest [ ] Right chest [ ] Upper abdomen [ ] Back [ ] Not sure,Left chest; Middle chest; Right chest; Upper abdomen; Back; Not sure
Pain,Chest Pain Symptom Module,Pain/chest_pain.md,CP-2,Multiple choice,Does the discomfort move anywhere?,[ ] Left arm [ ] Right arm [ ] Jaw / neck [ ] Back [ ] Shoulder [ ] Nowhere,Left arm; Right arm; Jaw / neck; Back; Shoulder; Nowhere
Pain,Chest Pain Symptom Module,Pain/chest_pain.md,CP-3,Multiple choice,What does it feel like?,[ ] Pressure [ ] Tightness [ ] Sharp pain [ ] Burning [ ] Heart racing [ ] Not sure,Pressure; Tightness; Sharp pain; Burning; Heart racing; Not sure
Pain,Chest Pain Symptom Module,Pain/chest_pain.md,CP-6,Multiple choice,Are any of these happening now?,[ ] Severe chest pressure [ ] Trouble breathing [ ] Fainting [ ] Blue lips / face [ ] New irregular heartbeat [ ] None,Severe chest pressure; Trouble breathing; Fainting; Blue lips / face; New irregular heartbeat; None
Pain,Limb Pain And Swelling Symptom Module,Pain/limb_pain_swelling.md,LIMB-1,Multiple choice,Which area is affected?,[ ] Arm / hand [ ] Leg / foot [ ] Shoulder [ ] Hip [ ] Knee [ ] Multiple areas,Arm / hand; Leg / foot; Shoulder; Hip; Knee; Multiple areas
Pain,Limb Pain And Swelling Symptom Module,Pain/limb_pain_swelling.md,LIMB-2,Multiple choice,What is the main problem?,[ ] Pain [ ] Swelling [ ] Redness / warmth [ ] Numbness / tingling [ ] Trouble moving [ ] Not sure,Pain; Swelling; Redness / warmth; Numbness / tingling; Trouble moving; Not sure
Pain,Limb Pain And Swelling Symptom Module,Pain/limb_pain_swelling.md,LIMB-3,Single choice,How did it start?,[ ] Suddenly [ ] Gradually [ ] After injury [ ] After exercise [ ] No clear trigger [ ] Not sure,Suddenly; Gradually; After injury; After exercise; No clear trigger; Not sure
Pain,Limb Pain And Swelling Symptom Module,Pain/limb_pain_swelling.md,LIMB-6,Multiple choice,Are any of these happening now?,[ ] Sudden one-sided leg swelling [ ] Cold or pale limb [ ] Severe pain after injury [ ] New weakness / numbness [ ] Fever with swollen red area [ ] None,Sudden one-sided leg swelling; Cold or pale limb; Severe pain after injury; New weakness / numbness; Fever with swollen red area; None
Renal&GU,Azotemia And Urinary Abnormalities Symptom Module,Renal&GU/azotemia_urinary_abnormalities.md,AUA-1,Multiple choice,What urine change did you notice?,[ ] Less urine [ ] No urine [ ] Foamy urine [ ] Dark urine [ ] Blood in urine [ ] Not sure,Less urine; No urine; Foamy urine; Dark urine; Blood in urine; Not sure
Renal&GU,Azotemia And Urinary Abnormalities Symptom Module,Renal&GU/azotemia_urinary_abnormalities.md,AUA-3,Multiple choice,How is your fluid intake or swelling?,[ ] Drinking less [ ] Vomiting / diarrhea [ ] Leg swelling [ ] Face swelling [ ] Normal intake [ ] Not sure,Drinking less; Vomiting / diarrhea; Leg swelling; Face swelling; Normal intake; Not sure
Renal&GU,Azotemia And Urinary Abnormalities Symptom Module,Renal&GU/azotemia_urinary_abnormalities.md,AUA-5,Multiple choice,Are any of these happening now?,[ ] No urine today [ ] Trouble breathing with swelling [ ] Confusion [ ] Severe weakness [ ] Very abnormal kiosk vital sign [ ] None,No urine today; Trouble breathing with swelling; Confusion; Severe weakness; Very abnormal kiosk vital sign; None
Renal&GU,Dysuria Bladder Pain And Bladder Pain Syndrome Symptom Module,Renal&GU/dysuria_bladder_pain.md,DBP-1,Multiple choice,What urinary or bladder symptom do you have?,[ ] Burning with urination [ ] Bladder / pelvic pain [ ] Frequency [ ] Urgency [ ] Pain improves after urination [ ] Not sure,Burning with urination; Bladder / pelvic pain; Frequency; Urgency; Pain improves after urination; Not sure
Renal&GU,Dysuria Bladder Pain And Bladder Pain Syndrome Symptom Module,Renal&GU/dysuria_bladder_pain.md,DBP-3,Multiple choice,Do you have any of these symptoms?,[ ] Fever [ ] Chills [ ] Back / flank pain [ ] Blood in urine [ ] Nausea / vomiting [ ] None,Fever; Chills; Back / flank pain; Blood in urine; Nausea / vomiting; None
Renal&GU,Dysuria Bladder Pain And Bladder Pain Syndrome Symptom Module,Renal&GU/dysuria_bladder_pain.md,DBP-5,Multiple choice,Are any of these happening now?,[ ] Fever with flank pain [ ] Unable to urinate [ ] Severe pain [ ] Pregnancy possible [ ] Confusion / severe weakness [ ] None,Fever with flank pain; Unable to urinate; Severe pain; Pregnancy possible; Confusion / severe weakness; None
Renal&GU,Fluid And Electrolyte Disturbances Symptom Module,Renal&GU/fluid_electrolyte_disturbances.md,FED-1,Multiple choice,What concern do you have?,[ ] Dehydration concern [ ] Swelling / fluid overload [ ] Muscle cramps [ ] Severe thirst [ ] Abnormal lab told by clinician [ ] Not sure,Dehydration concern; Swelling / fluid overload; Muscle cramps; Severe thirst; Abnormal lab told by clinician; Not sure
Renal&GU,Fluid And Electrolyte Disturbances Symptom Module,Renal&GU/fluid_electrolyte_disturbances.md,FED-2,Multiple choice,Has any of this happened recently?,[ ] Vomiting [ ] Diarrhea [ ] Heavy sweating [ ] Drinking much less [ ] Taking water pills / diuretics [ ] None,Vomiting; Diarrhea; Heavy sweating; Drinking much less; Taking water pills / diuretics; None
Renal&GU,Fluid And Electrolyte Disturbances Symptom Module,Renal&GU/fluid_electrolyte_disturbances.md,FED-3,Multiple choice,How is your urination?,[ ] Normal [ ] Less than usual [ ] Very frequent [ ] Very dark urine [ ] No urine today [ ] Not sure,Normal; Less than usual; Very frequent; Very dark urine; No urine today; Not sure
Renal&GU,Fluid And Electrolyte Disturbances Symptom Module,Renal&GU/fluid_electrolyte_disturbances.md,FED-5,Multiple choice,Are any of these happening now?,[ ] Confusion [ ] Fainting [ ] Severe weakness [ ] Trouble breathing [ ] No urine today [ ] None,Confusion; Fainting; Severe weakness; Trouble breathing; No urine today; None
Renal&GU,Urinary Symptoms Module,Renal&GU/urinary_symptoms.md,URN-1,Multiple choice,What urinary symptoms do you have?,[ ] Pain or burning [ ] Frequent urination [ ] Urgency [ ] Blood in urine [ ] Trouble urinating [ ] None,Pain or burning; Frequent urination; Urgency; Blood in urine; Trouble urinating; None
Renal&GU,Urinary Symptoms Module,Renal&GU/urinary_symptoms.md,URN-2,Multiple choice,Do you have pain in any of these areas?,[ ] Lower abdomen [ ] Back / flank [ ] Pelvis [ ] Genital area [ ] No pain [ ] Not sure,Lower abdomen; Back / flank; Pelvis; Genital area; No pain; Not sure
Renal&GU,Urinary Symptoms Module,Renal&GU/urinary_symptoms.md,URN-3,Multiple choice,Do you have any of these symptoms?,[ ] Fever [ ] Chills [ ] Nausea / vomiting [ ] New discharge [ ] Rash / sores [ ] None,Fever; Chills; Nausea / vomiting; New discharge; Rash / sores; None
Renal&GU,Urinary Symptoms Module,Renal&GU/urinary_symptoms.md,URN-6,Multiple choice,Are any of these happening now?,[ ] Fever with flank pain [ ] Unable to urinate [ ] Severe pain [ ] Pregnancy possible [ ] Confusion / severe weakness [ ] None,Fever with flank pain; Unable to urinate; Severe pain; Pregnancy possible; Confusion / severe weakness; None
Respiratory,Hemoptysis Symptom Module,Respiratory/hemoptysis.md,HEMOP-1,Single choice,How much blood did you cough up?,[ ] Streaks in sputum [ ] Small teaspoon amount [ ] More than a teaspoon [ ] Repeated clots [ ] Not sure,Streaks in sputum; Small teaspoon amount; More than a teaspoon; Repeated clots; Not sure
Respiratory,Hemoptysis Symptom Module,Respiratory/hemoptysis.md,HEMOP-2,Single choice,When did it start?,[ ] Just now [ ] Today [ ] 1-3 days ago [ ] More than 3 days ago [ ] Not sure,Just now; Today; 1-3 days ago; More than 3 days ago; Not sure
Respiratory,Hemoptysis Symptom Module,Respiratory/hemoptysis.md,HEMOP-3,Multiple choice,Do you have any of these symptoms?,[ ] Shortness of breath [ ] Chest pain [ ] Fever / chills [ ] Weight loss [ ] Nosebleed / mouth bleeding [ ] None,Shortness of breath; Chest pain; Fever / chills; Weight loss; Nosebleed / mouth bleeding; None
Respiratory,Hemoptysis Symptom Module,Respiratory/hemoptysis.md,HEMOP-5,Multiple choice,Are any of these happening now?,[ ] Large amount of blood [ ] Trouble breathing [ ] Chest pain [ ] Fainting / severe weakness [ ] Low SpO2 on kiosk [ ] None,Large amount of blood; Trouble breathing; Chest pain; Fainting / severe weakness; Low SpO2 on kiosk; None
Respiratory,Hypoxia And Cyanosis Symptom Module,Respiratory/hypoxia_cyanosis.md,HYP-1,Multiple choice,What was noticed?,[ ] Trouble breathing [ ] Blue lips / face [ ] Blue fingers / toes  [ ] Not sure,Trouble breathing; Blue lips / face; Blue fingers / toes; Not sure
Respiratory,Hypoxia And Cyanosis Symptom Module,Respiratory/hypoxia_cyanosis.md,HYP-2,Multiple choice,How is breathing right now?,[ ] Normal [ ] Mild shortness of breath [ ] Short of breath while walking [ ] Short of breath at rest [ ] Cannot speak full sentences [ ] Not sure,Normal; Mild shortness of breath; Short of breath while walking; Short of breath at rest; Cannot speak full sentences; Not sure
Respiratory,Hypoxia And Cyanosis Symptom Module,Respiratory/hypoxia_cyanosis.md,HYP-3,Single choice,When did this start?,[ ] Suddenly [ ] Today [ ] 1-3 days ago [ ] Longer than 3 days [ ] Not sure,Suddenly; Today; 1-3 days ago; Longer than 3 days; Not sure
Respiratory,Hypoxia And Cyanosis Symptom Module,Respiratory/hypoxia_cyanosis.md,HYP-4,Multiple choice,Do you have any of these?,[ ] COPD / emphysema [ ] Asthma [ ] Chronic lung disease / pulmonary fibrosis [ ] Heart failure [ ] Usually use home oxygen [ ] Usually have low oxygen saturation [ ] None [ ] Not sure,COPD / emphysema; Asthma; Chronic lung disease / pulmonary fibrosis; Heart failure; Usually use home oxygen; Usually have low oxygen saturation; None; Not sure
Respiratory,Hypoxia And Cyanosis Symptom Module,Respiratory/hypoxia_cyanosis.md,HYP-5,Multiple choice,Are any of these happening now?,[ ] Confusion [ ] Severe chest pain [ ] Severe trouble breathing [ ] None,Confusion; Severe chest pain; Severe trouble breathing; None
Respiratory,Respiratory Depression And Drowsiness Symptom Module,Respiratory/respiratory_depression_drowsiness.md,RDEP-2,Multiple choice,How is your breathing right now?,[ ] Normal [ ] Slow breathing noticed [ ] Hard to catch my breath [ ] Breathing pauses noticed [ ] Not sure,Normal; Slow breathing noticed; Hard to catch my breath; Breathing pauses noticed; Not sure
Respiratory,Respiratory Depression And Drowsiness Symptom Module,Respiratory/respiratory_depression_drowsiness.md,RDEP-6,Multiple choice,Are any of these happening now?,[ ] Confusion [ ] Trouble breathing [ ] Blue lips or face [ ] Very low respiratory rate on kiosk [ ] None,Confusion; Trouble breathing; Blue lips or face; Very low respiratory rate on kiosk; None
Respiratory,Shortness Of Breath Symptom Module,Respiratory/shortness_of_breath.md,SOB-1,Single choice,How is your breathing right now?,[ ] Normal now [ ] Mild shortness of breath [ ] Short of breath while walking [ ] Short of breath while speaking [ ] Short of breath at rest [ ] Not sure,Normal now; Mild shortness of breath; Short of breath while walking; Short of breath while speaking; Short of breath at rest; Not sure
Respiratory,Shortness Of Breath Symptom Module,Respiratory/shortness_of_breath.md,SOB-2,Single choice,How did the breathing problem start?,[ ] Suddenly [ ] Gradually [ ] After exercise [ ] After choking / aspiration concern [ ] After injury [ ] Not sure,Suddenly; Gradually; After exercise; After choking / aspiration concern; After injury; Not sure
Respiratory,Shortness Of Breath Symptom Module,Respiratory/shortness_of_breath.md,SOB-6,Multiple choice,Are any of these happening now?,[ ] Trouble speaking full sentences [ ] Blue lips / face [ ] Severe chest pain [ ] Fainting or nearly fainting [ ] Very low SpO2 on kiosk [ ] None,Trouble speaking full sentences; Blue lips / face; Severe chest pain; Fainting or nearly fainting; Very low SpO2 on kiosk; None
Respiratory,Upper Respiratory Symptom Module,Respiratory/upper_respiratory.md,URI-1,Multiple choice,What symptoms do you have?,[ ] Cough [ ] Sore throat [ ] Runny nose [ ] Nasal congestion [ ] Fever [ ] Body aches,Cough; Sore throat; Runny nose; Nasal congestion; Fever; Body aches
Respiratory,Upper Respiratory Symptom Module,Respiratory/upper_respiratory.md,URI-2,Multiple choice,What is your cough like?,[ ] Dry [ ] With phlegm [ ] Bloody phlegm [ ] Barking / harsh [ ] No cough [ ] Not sure,Dry; With phlegm; Bloody phlegm; Barking / harsh; No cough; Not sure
Respiratory,Upper Respiratory Symptom Module,Respiratory/upper_respiratory.md,URI-3,Multiple choice,How is your breathing?,[ ] Normal [ ] Mild shortness of breath [ ] Short of breath while walking [ ] Short of breath at rest [ ] Wheezing [ ] Not sure,Normal; Mild shortness of breath; Short of breath while walking; Short of breath at rest; Wheezing; Not sure
Respiratory,Upper Respiratory Symptom Module,Respiratory/upper_respiratory.md,URI-6,Multiple choice,Are any of these happening now?,[ ] Trouble breathing at rest [ ] Chest pain [ ] Blue lips / face [ ] Confusion [ ] Coughing blood [ ] None,Trouble breathing at rest; Chest pain; Blue lips / face; Confusion; Coughing blood; None
Skin,Skin Infection Symptom Module,Skin/skin_infection.md,SKIN-1,Multiple choice,Where is the skin problem?,[ ] Face [ ] Arm / hand [ ] Leg / foot [ ] Trunk [ ] Groin [ ] Multiple areas,Face; Arm / hand; Leg / foot; Trunk; Groin; Multiple areas
Skin,Skin Infection Symptom Module,Skin/skin_infection.md,SKIN-2,Multiple choice,What does it look like?,[ ] Red [ ] Swollen [ ] Warm [ ] Pus / drainage [ ] Blister [ ] Open wound,Red; Swollen; Warm; Pus / drainage; Blister; Open wound
Skin,Skin Infection Symptom Module,Skin/skin_infection.md,SKIN-3,Multiple choice,What does it feel like?,[ ] Painful [ ] Itchy [ ] Tender to touch [ ] Numb [ ] No discomfort [ ] Not sure,Painful; Itchy; Tender to touch; Numb; No discomfort; Not sure
Skin,Skin Infection Symptom Module,Skin/skin_infection.md,SKIN-6,Multiple choice,Are any of these happening now?,[ ] Fever / chills [ ] Rapid spreading [ ] Severe pain [ ] Black or purple skin [ ] Confusion / weakness [ ] None,Fever / chills; Rapid spreading; Severe pain; Black or purple skin; Confusion / weakness; None
Trauma,Trauma Symptom Module,Trauma/trauma.md,TRM-1,Multiple choice,What happened?,[ ] Fall [ ] Traffic accident [ ] Sports injury [ ] Cut injury [ ] Hit by object [ ] Other injury,Fall; Traffic accident; Sports injury; Cut injury; Hit by object; Other injury
Trauma,Trauma Symptom Module,Trauma/trauma.md,TRM-2,Multiple choice,Which body area is injured?,[ ] Head / face [ ] Neck [ ] Chest [ ] Abdomen [ ] Back [ ] Arm / leg,Head / face; Neck; Chest; Abdomen; Back; Arm / leg
Trauma,Trauma Symptom Module,Trauma/trauma.md,TRM-3,Single choice,When did the injury happen?,[ ] Just now [ ] Within 1 hour [ ] Today [ ] Yesterday [ ] More than 1 day ago [ ] Not sure,Just now; Within 1 hour; Today; Yesterday; More than 1 day ago; Not sure
Trauma,Trauma Symptom Module,Trauma/trauma.md,TRM-6,Multiple choice,Are any of these happening now?,[ ] Loss of consciousness [ ] Severe bleeding [ ] Trouble breathing [ ] Severe neck / back pain [ ] Open fracture concern [ ] None,Loss of consciousness; Severe bleeding; Trouble breathing; Severe neck / back pain; Open fracture concern; None
,Allergy Symptom Module,allergy.md,ALG-1,Multiple choice,What may have caused the reaction?,[ ] Food [ ] Medicine [ ] Insect sting / bite [ ] Skin contact [ ] Unknown [ ] Other,Food; Medicine; Insect sting / bite; Skin contact; Unknown; Other
,Allergy Symptom Module,allergy.md,ALG-2,Single choice,When did symptoms start after exposure?,[ ] Within minutes [ ] Within 1 hour [ ] Same day [ ] Next day [ ] Not sure,Within minutes; Within 1 hour; Same day; Next day; Not sure
,Allergy Symptom Module,allergy.md,ALG-3,Multiple choice,What skin symptoms do you have?,[ ] Hives [ ] Rash [ ] Itching [ ] Swelling [ ] No skin symptoms [ ] Not sure,Hives; Rash; Itching; Swelling; No skin symptoms; Not sure
,Allergy Symptom Module,allergy.md,ALG-6,Multiple choice,Are any of these happening now?,[ ] Trouble breathing [ ] Throat / tongue swelling [ ] Feeling faint [ ] Repeated vomiting [ ] Rapidly worsening symptoms [ ] None,Trouble breathing; Throat / tongue swelling; Feeling faint; Repeated vomiting; Rapidly worsening symptoms; None
,Chronic Follow-Up Symptom Module,chronic_follow_up.md,CHR-1,Multiple choice,What is the main reason for today's visit?,[ ] Routine follow-up [ ] Medication refill [ ] New symptom [ ] Symptom flare-up [ ] Lab / report review [ ] Other,Routine follow-up; Medication refill; New symptom; Symptom flare-up; Lab / report review; Other
,Chronic Follow-Up Symptom Module,chronic_follow_up.md,CHR-2,Multiple choice,Which condition is this visit related to?,[ ] High blood pressure [ ] Diabetes [ ] Heart disease [ ] Asthma / COPD [ ] Stroke history [ ] Other chronic condition,High blood pressure; Diabetes; Heart disease; Asthma / COPD; Stroke history; Other chronic condition
,Chronic Follow-Up Symptom Module,chronic_follow_up.md,CHR-3,Multiple choice,How are you taking your regular medicine?,[ ] Taking as prescribed [ ] Missed some doses [ ] Stopped medicine [ ] Changed dose myself [ ] Not taking medicine [ ] Not sure,Taking as prescribed; Missed some doses; Stopped medicine; Changed dose myself; Not taking medicine; Not sure
,Chronic Follow-Up Symptom Module,chronic_follow_up.md,CHR-6,Multiple choice,Are any of these happening now?,[ ] Severe chest pain [ ] Trouble breathing [ ] Fainting [ ] Confusion [ ] Very abnormal kiosk vital sign [ ] None,Severe chest pain; Trouble breathing; Fainting; Confusion; Very abnormal kiosk vital sign; None
